Project ID,Budget,Resource Utilization,Project Manager,Project Status,Client Satisfaction,Project Type,Project Duration
Project_1,218184,0.7633089340088082,Bob,Completed,1,Mechanical,216
Project_2,73525,0.675580824606433,David,In Progress,4,Mechanical,339
Project_3,626617,0.857789316162354,Rachel,Completed,5,Biochemical,324
Project_4,875476,0.9466994194505274,Sarah,In Progress,2,Mechanical,353
Project_5,506520,0.5162444672826603,Rachel,On Hold,3,Software,314
Project_6,338188,0.6545590095456529,Rachel,On Hold,4,Infrastructure,171
Project_7,47389,0.5175383142315215,Rachel,On Hold,5,Mechanical,230
Project_8,521790,0.5925132711112955,Alice,On Hold,4,Software,173
Project_9,610813,0.7045235715349629,Rachel,On Hold,2,Biochemical,295
Project_10,364547,0.5232928477428919,Alice,On Hold,3,Biochemical,121
Project_11,438759,0.5681246319620548,Rachel,On Hold,4,Biochemical,143
Project_12,298636,0.5432207800253435,Charlie,Completed,1,Biochemical,237
Project_13,165951,0.6711960970927575,Rachel,On Hold,4,Software,153
Project_14,832429,0.8692202900858694,Rachel,In Progress,3,Software,361
Project_15,30482,0.5941697849221064,Rachel,Completed,3,Software,116
Project_16,482457,0.9458874086306679,David,In Progress,3,Infrastructure,117
Project_17,777764,0.9037253659551663,Bob,In Progress,5,Electrical,208
Project_18,54894,0.7381582683619502,David,In Progress,2,Software,126
Project_19,207747,0.7339955478105753,David,Completed,1,Software,232
Project_20,813896,0.9491778919218771,Rachel,On Hold,4,Software,106
Project_21,676822,0.5089415919674538,Rachel,On Hold,4,Software,310
Project_22,463287,0.5380248361197902,Alice,In Progress,2,Biochemical,235
Project_23,960809,0.8624934732519478,Rachel,On Hold,5,Mechanical,273
Project_24,50937,0.93477580419695,Bob,Completed,2,Mechanical,338
Project_25,527758,0.9193057882091701,Sarah,Completed,1,Software,82
Project_26,833675,0.9082793677116681,Rachel,In Progress,1,Infrastructure,131
Project_27,563478,0.8774244577709163,Charlie,In Progress,3,Infrastructure,329
Project_28,192075,0.8593335830584605,Bob,Completed,4,Infrastructure,203
Project_29,371122,0.5664684058690852,Charlie,In Progress,1,Biochemical,308
Project_30,699316,0.8989260670782364,Bob,In Progress,3,Software,45
Project_31,691233,0.6934779501512808,Bob,In Progress,1,Software,214
Project_32,433377,0.9352056317843316,Sarah,On Hold,3,Software,32
Project_33,198680,0.7116606106325427,Charlie,Completed,1,Infrastructure,246
Project_34,62441,0.9244887795583951,Charlie,Completed,2,Electrical,273
Project_35,602568,0.9513179533324965,David,On Hold,2,Electrical,358
Project_36,491004,0.57012643177187,Charlie,On Hold,5,Electrical,228
Project_37,338079,0.8982964228640063,David,On Hold,1,Biochemical,294
Project_38,941832,0.6726094429327022,Sarah,On Hold,3,Software,96
Project_39,38711,0.7648168786333343,Bob,In Progress,2,Mechanical,240
Project_40,95953,0.7833876777928898,Bob,On Hold,5,Infrastructure,146
Project_41,53950,0.5404308996082388,Bob,In Progress,3,Mechanical,83
Project_42,371512,0.5419852881901259,David,Completed,1,Software,66
Project_43,490129,0.7304968715672441,Rachel,Completed,5,Electrical,169
Project_44,851000,0.9386023010439577,David,On Hold,2,Electrical,80
Project_45,335898,0.5881798283056983,Alice,Completed,2,Electrical,361
Project_46,216468,0.9919451132484814,Rachel,On Hold,3,Software,186
Project_47,297008,0.8997945828104127,Rachel,In Progress,2,Biochemical,178
Project_48,136497,0.8221256130087606,Rachel,In Progress,3,Electrical,322
Project_49,452036,0.6275939641027741,Charlie,Completed,5,Mechanical,69
Project_50,169657,0.6716486014315611,Rachel,Completed,4,Mechanical,249
Project_51,262502,0.9572304526398592,David,On Hold,3,Infrastructure,297
Project_52,161346,0.8565810239097993,Sarah,In Progress,4,Infrastructure,69
Project_53,352193,0.8703649274526373,Bob,Completed,5,Biochemical,80
Project_54,485707,0.8604175778663468,Rachel,On Hold,5,Biochemical,107
Project_55,575219,0.6413293504628712,Sarah,Completed,4,Mechanical,160
Project_56,544383,0.6581866494131674,Sarah,On Hold,2,Electrical,272
Project_57,29571,0.9318416385058829,Alice,In Progress,2,Biochemical,202
Project_58,816774,0.5203483112093106,Rachel,Completed,2,Infrastructure,215
Project_59,628945,0.9043428379444314,Charlie,In Progress,1,Biochemical,311
Project_60,727932,0.605559057718468,Alice,On Hold,1,Electrical,148
Project_61,568130,0.6542308570618034,Rachel,Completed,4,Mechanical,228
Project_62,880868,0.8681480608012704,Alice,Completed,2,Infrastructure,130
Project_63,499521,0.7738872578594012,Rachel,On Hold,5,Software,331
Project_64,178011,0.5779780252907707,Bob,In Progress,5,Electrical,245
Project_65,349532,0.8377295837351457,Sarah,In Progress,2,Electrical,346
Project_66,220962,0.9369739703244461,David,On Hold,4,Mechanical,119
Project_67,204272,0.8889704239681576,David,On Hold,1,Biochemical,293
Project_68,237912,0.6143741099023495,Bob,In Progress,5,Electrical,87
Project_69,971059,0.9472570583261015,Alice,On Hold,5,Software,340
Project_70,895378,0.5084325454018246,David,Completed,3,Software,85
Project_71,987798,0.6071317985976532,David,Completed,5,Infrastructure,245
Project_72,982253,0.9062036612220935,Charlie,Completed,4,Infrastructure,279
Project_73,131204,0.6482787715949154,Rachel,In Progress,1,Biochemical,333
Project_74,668664,0.6646462361409007,Sarah,Completed,4,Mechanical,317
Project_75,325438,0.6779031228566722,Sarah,On Hold,4,Biochemical,57
Project_76,174899,0.6336420233054594,Sarah,On Hold,4,Biochemical,137
Project_77,35535,0.5149513019726933,Charlie,Completed,5,Software,215
Project_78,659191,0.9430308278574403,Alice,In Progress,3,Mechanical,359
Project_79,157522,0.7150432486371898,Bob,Completed,1,Infrastructure,204
Project_80,38106,0.6236225329734707,David,In Progress,3,Mechanical,365
Project_81,818862,0.9613980418713014,Sarah,Completed,4,Infrastructure,154
Project_82,396366,0.9847521228614474,David,Completed,4,Electrical,225
Project_83,543444,0.516061305562116,Alice,Completed,4,Infrastructure,277
Project_84,893610,0.7040829064573909,Charlie,On Hold,2,Infrastructure,268
Project_85,290700,0.789733832370584,Charlie,In Progress,3,Infrastructure,127
Project_86,823015,0.5490294039782919,Rachel,Completed,2,Biochemical,292
Project_87,18398,0.9083723835594245,Charlie,Completed,2,Biochemical,34
Project_88,297545,0.8424734292313029,Rachel,In Progress,4,Electrical,300
Project_89,958759,0.8199163282953066,Charlie,Completed,1,Software,153
Project_90,259175,0.5980045413113029,Charlie,On Hold,3,Infrastructure,34
Project_91,219119,0.7703875815174583,David,Completed,3,Infrastructure,109
Project_92,549613,0.8419925021850496,David,On Hold,3,Mechanical,329
Project_93,76592,0.5716174549173993,Sarah,In Progress,1,Mechanical,124
Project_94,536703,0.7057596785740035,Sarah,In Progress,3,Software,189
Project_95,601135,0.5362015924162734,David,In Progress,5,Biochemical,232
Project_96,124910,0.6757177604794655,Charlie,Completed,5,Infrastructure,247
Project_97,868428,0.8861792749681655,David,In Progress,2,Software,346
Project_98,936834,0.9467137961063989,Charlie,In Progress,3,Infrastructure,77
Project_99,543582,0.5939669769332129,Sarah,In Progress,3,Infrastructure,253
Project_100,895279,0.714054879652265,David,Completed,5,Biochemical,310
Project_101,518220,0.7006113783550081,Rachel,Completed,3,Mechanical,126
Project_102,254355,0.6835848901959565,Rachel,In Progress,4,Electrical,69
Project_103,205306,0.5722714003622404,Bob,Completed,3,Software,156
Project_104,716409,0.7011967310311659,Rachel,In Progress,2,Electrical,80
Project_105,222012,0.867423709960421,Rachel,On Hold,4,Infrastructure,135
Project_106,358016,0.5423313878394128,Rachel,On Hold,3,Mechanical,75
Project_107,900488,0.6758101262791912,Sarah,In Progress,2,Electrical,274
Project_108,675333,0.5002373428933197,Sarah,Completed,5,Software,317
Project_109,655317,0.8664724513602842,Alice,In Progress,1,Mechanical,79
Project_110,977069,0.7317109289651801,Rachel,Completed,4,Infrastructure,278
Project_111,515806,0.8438390258102968,David,In Progress,4,Electrical,338
Project_112,753141,0.5066763798766782,Bob,On Hold,2,Mechanical,262
Project_113,953595,0.9342900405275223,Bob,In Progress,4,Electrical,218
Project_114,965662,0.7744585868523968,Bob,Completed,3,Biochemical,195
Project_115,597214,0.732309320816579,Bob,Completed,4,Electrical,207
Project_116,619926,0.5512717485363932,Alice,Completed,1,Software,193
Project_117,977776,0.8189547379972759,Charlie,Completed,2,Software,292
Project_118,999145,0.6137717065363146,Rachel,On Hold,3,Software,211
Project_119,837653,0.5439639661329974,Alice,Completed,3,Electrical,251
Project_120,69762,0.8242767763137424,David,Completed,4,Mechanical,156
Project_121,690227,0.9985942335999616,Bob,On Hold,5,Electrical,177
Project_122,285708,0.9400249415883586,Sarah,In Progress,4,Biochemical,296
Project_123,483289,0.872086231802529,David,Completed,5,Mechanical,261
Project_124,269624,0.8156832441310695,David,Completed,1,Infrastructure,350
Project_125,125057,0.6577032126334047,Rachel,In Progress,5,Electrical,250
Project_126,292725,0.9832621921434219,Alice,In Progress,5,Mechanical,252
Project_127,279517,0.9196851110994888,Bob,Completed,1,Electrical,104
Project_128,924294,0.5218221228678532,David,On Hold,2,Biochemical,40
Project_129,431321,0.6376743557710001,Rachel,On Hold,2,Infrastructure,225
Project_130,851460,0.8875793231219726,Sarah,Completed,1,Electrical,56
Project_131,992488,0.6985144724880101,David,Completed,4,Electrical,241
Project_132,30210,0.7201226854910707,David,In Progress,5,Electrical,66
Project_133,881921,0.5822508769997419,Alice,Completed,3,Mechanical,313
Project_134,830221,0.6516717905275711,Charlie,On Hold,4,Infrastructure,80
Project_135,641533,0.7379832519576612,David,In Progress,5,Mechanical,226
Project_136,869813,0.6621596315953626,Rachel,Completed,2,Biochemical,105
Project_137,240766,0.8164270853643503,Alice,On Hold,1,Infrastructure,340
Project_138,587889,0.7041746931972324,Sarah,On Hold,4,Infrastructure,357
Project_139,381173,0.6699790283661866,Rachel,Completed,3,Biochemical,137
Project_140,364592,0.7596319744287254,Rachel,Completed,1,Mechanical,364
Project_141,10050,0.5836035107317841,Rachel,In Progress,3,Mechanical,364
Project_142,266956,0.7532147814350969,Charlie,On Hold,5,Electrical,128
Project_143,606374,0.7188683097392736,David,On Hold,3,Biochemical,351
Project_144,70156,0.9661506383806331,Sarah,Completed,2,Mechanical,74
Project_145,414472,0.9605932160097332,Sarah,Completed,3,Biochemical,60
Project_146,956742,0.7263787306334499,Rachel,In Progress,1,Mechanical,109
Project_147,789281,0.7289066852994589,Charlie,In Progress,3,Mechanical,128
Project_148,909523,0.6968051855347646,Rachel,Completed,5,Software,262
Project_149,790838,0.6700984561853204,Alice,On Hold,3,Software,104
Project_150,642353,0.7061992980288458,Rachel,In Progress,2,Biochemical,154
Project_151,146772,0.8778516904480735,Alice,On Hold,4,Software,41
Project_152,236667,0.5899347103788095,Charlie,In Progress,3,Infrastructure,285
Project_153,302989,0.5591779029779141,Charlie,On Hold,4,Infrastructure,50
Project_154,485989,0.8456698300782906,Charlie,Completed,4,Software,352
Project_155,39608,0.5034787047992365,David,On Hold,5,Software,205
Project_156,294133,0.5943003504030829,David,In Progress,2,Mechanical,197
Project_157,157948,0.5761187594874123,Charlie,On Hold,4,Mechanical,244
Project_158,398443,0.9127852156397421,Bob,In Progress,3,Biochemical,157
Project_159,841894,0.901578263472274,Charlie,In Progress,2,Electrical,97
Project_160,817360,0.6201991420507256,Bob,On Hold,1,Electrical,360
Project_161,950794,0.7842036080043937,Sarah,Completed,1,Mechanical,263
Project_162,612609,0.5409368639305883,Alice,On Hold,1,Software,268
Project_163,237449,0.5052170327673672,Sarah,In Progress,3,Biochemical,359
Project_164,42686,0.5491815162838857,David,Completed,5,Software,37
Project_165,446301,0.6823005366428019,Alice,In Progress,5,Biochemical,217
Project_166,30956,0.9049490377198517,Sarah,Completed,3,Infrastructure,150
Project_167,785023,0.621056838918322,David,In Progress,4,Mechanical,290
Project_168,746756,0.7140398026767667,Charlie,Completed,5,Infrastructure,102
Project_169,575608,0.7822816601117162,David,In Progress,1,Infrastructure,308
Project_170,207883,0.8980635416101468,Charlie,Completed,2,Infrastructure,176
Project_171,411918,0.9133994846593085,Sarah,On Hold,3,Software,74
Project_172,180603,0.8557437829909016,Sarah,On Hold,3,Software,132
Project_173,447469,0.9112643701804494,Sarah,Completed,2,Biochemical,315
Project_174,754280,0.6087875789013144,Sarah,On Hold,3,Biochemical,177
Project_175,607758,0.548369737025642,Charlie,Completed,2,Infrastructure,330
Project_176,81698,0.7687486562736011,Rachel,On Hold,3,Electrical,356
Project_177,350044,0.6324940403893579,Sarah,In Progress,3,Software,74
Project_178,723304,0.6873797363278422,Bob,Completed,5,Software,292
Project_179,289282,0.5106422452607149,Alice,In Progress,3,Software,105
Project_180,399630,0.8873755086212964,Rachel,Completed,1,Biochemical,295
Project_181,126125,0.9038930912745435,Sarah,In Progress,3,Biochemical,151
Project_182,939225,0.7004407706100955,Bob,On Hold,3,Electrical,272
Project_183,520547,0.7671537087488978,Rachel,In Progress,2,Infrastructure,288
Project_184,639645,0.6716009319377918,Sarah,In Progress,2,Electrical,113
Project_185,782814,0.7095237824062812,Charlie,On Hold,4,Software,206
Project_186,132873,0.6901879707262661,Bob,In Progress,5,Electrical,167
Project_187,896350,0.855607808714032,Bob,Completed,4,Electrical,342
Project_188,922841,0.5722477159255934,Rachel,Completed,4,Infrastructure,262
Project_189,726849,0.609374913917164,Alice,In Progress,1,Mechanical,40
Project_190,800531,0.8142873171316828,Sarah,Completed,3,Electrical,130
Project_191,598295,0.8807526690472517,David,In Progress,1,Mechanical,265
Project_192,681106,0.651123787538632,Sarah,Completed,3,Electrical,48
Project_193,22763,0.8547319308338877,Alice,In Progress,3,Infrastructure,119
Project_194,128039,0.9206595836731879,Charlie,On Hold,4,Biochemical,286
Project_195,426585,0.7137572520648514,Bob,On Hold,5,Infrastructure,176
Project_196,163453,0.6307522414458939,Charlie,On Hold,2,Software,356
Project_197,297037,0.9970904430760924,Alice,In Progress,2,Infrastructure,166
Project_198,985273,0.5719427898223011,Sarah,On Hold,5,Mechanical,80
Project_199,102852,0.6468448293320523,Rachel,On Hold,2,Software,219
Project_200,39572,0.9386900676671,David,Completed,2,Software,146
Project_201,28850,0.7072546989166657,David,In Progress,1,Mechanical,359
Project_202,972793,0.5583895619784063,Charlie,In Progress,1,Electrical,342
Project_203,777493,0.7160449533188331,Bob,Completed,1,Biochemical,100
Project_204,285913,0.730907780580667,Rachel,On Hold,5,Biochemical,182
Project_205,989648,0.8381232526942475,Charlie,Completed,1,Biochemical,217
Project_206,533145,0.6751414353318987,Rachel,On Hold,5,Electrical,114
Project_207,698034,0.9269711724750911,David,In Progress,4,Biochemical,323
Project_208,312756,0.9714856493286408,Sarah,On Hold,3,Mechanical,97
Project_209,148816,0.8652017822539575,David,Completed,5,Software,276
Project_210,210433,0.9990116800251769,Sarah,On Hold,3,Infrastructure,210
Project_211,361281,0.9945685293135885,David,Completed,3,Electrical,310
Project_212,953745,0.6281026705256478,Alice,On Hold,5,Electrical,179
Project_213,650956,0.6433460839790108,Bob,In Progress,1,Biochemical,139
Project_214,515816,0.9209477054715542,Alice,On Hold,1,Software,200
Project_215,95302,0.7141936201942918,David,Completed,1,Biochemical,173
Project_216,704613,0.7408987358800503,Sarah,In Progress,2,Biochemical,85
Project_217,709699,0.6376213044744907,Rachel,Completed,3,Biochemical,327
Project_218,110488,0.6243905594419196,Alice,In Progress,5,Biochemical,267
Project_219,495350,0.6897243952099614,David,In Progress,1,Electrical,40
Project_220,910566,0.6657752936412805,David,In Progress,1,Electrical,259
Project_221,777290,0.8215860824748862,Alice,On Hold,4,Infrastructure,274
Project_222,602698,0.9339604075482975,Alice,On Hold,3,Electrical,220
Project_223,684901,0.9045427463832542,Bob,Completed,3,Electrical,200
Project_224,416102,0.5544023093363186,Bob,Completed,3,Electrical,41
Project_225,76095,0.9176739331869137,Rachel,In Progress,2,Infrastructure,60
Project_226,503516,0.923485346005596,David,Completed,4,Electrical,341
Project_227,179618,0.9997175695447332,Alice,In Progress,4,Biochemical,253
Project_228,999569,0.7977227676466004,Bob,Completed,5,Software,325
Project_229,388335,0.9696890202793702,David,On Hold,1,Software,324
Project_230,706125,0.9506378569638201,Sarah,In Progress,3,Biochemical,96
Project_231,518279,0.5055726676353915,David,On Hold,5,Biochemical,281
Project_232,507395,0.905041015680546,Alice,In Progress,3,Mechanical,207
Project_233,337337,0.581883624054453,David,In Progress,1,Electrical,208
Project_234,380870,0.5458684332612732,Charlie,On Hold,4,Mechanical,227
Project_235,987499,0.77644927653345,Sarah,Completed,3,Infrastructure,140
Project_236,127265,0.5143649570991484,Sarah,Completed,2,Mechanical,72
Project_237,508015,0.8567686561611871,Charlie,On Hold,2,Electrical,53
Project_238,266523,0.6800192095457047,Alice,Completed,5,Software,178
Project_239,945655,0.8180003466995165,Sarah,Completed,2,Software,64
Project_240,483109,0.8110420192396994,Bob,In Progress,1,Mechanical,59
Project_241,77114,0.7343727600273094,David,In Progress,2,Electrical,37
Project_242,97646,0.8278914401892414,Sarah,Completed,3,Software,339
Project_243,804010,0.8307945663520868,Bob,On Hold,1,Mechanical,238
Project_244,390019,0.5545836529507713,Rachel,In Progress,5,Electrical,51
Project_245,613238,0.8600722366613907,Rachel,Completed,5,Electrical,149
Project_246,617355,0.6915875189930565,Rachel,In Progress,1,Infrastructure,349
Project_247,416455,0.7674682195730954,Sarah,In Progress,4,Biochemical,105
Project_248,107955,0.9153530921452165,David,Completed,2,Mechanical,193
Project_249,472926,0.7745750471005164,Charlie,Completed,4,Infrastructure,104
Project_250,435315,0.588354926001962,David,In Progress,5,Infrastructure,174
Project_251,33283,0.8767033416903205,Charlie,On Hold,3,Software,100
Project_252,909849,0.5003615078537675,Charlie,On Hold,2,Electrical,105
Project_253,370676,0.8430441058036298,Charlie,Completed,1,Infrastructure,152
Project_254,690544,0.5747408723575407,Charlie,On Hold,1,Biochemical,269
Project_255,852486,0.7340035199516397,Alice,In Progress,4,Electrical,47
Project_256,205605,0.6907310509451172,Bob,Completed,2,Mechanical,280
Project_257,339788,0.7883224624874152,Charlie,Completed,4,Mechanical,65
Project_258,671078,0.524010421388839,Charlie,On Hold,1,Mechanical,294
Project_259,351061,0.9285034647823613,Rachel,On Hold,4,Software,157
Project_260,445317,0.6176329126420461,Rachel,In Progress,2,Infrastructure,191
Project_261,105694,0.7792742409622166,Alice,In Progress,1,Software,194
Project_262,201746,0.6982616981933409,Charlie,In Progress,1,Mechanical,362
Project_263,987628,0.7413695255739372,David,On Hold,5,Electrical,92
Project_264,163574,0.569250904925557,Rachel,In Progress,3,Software,174
Project_265,29860,0.809798170036112,Sarah,On Hold,1,Infrastructure,168
Project_266,182309,0.5752160512966069,Sarah,On Hold,3,Mechanical,261
Project_267,429405,0.9332143445278283,Charlie,Completed,1,Mechanical,312
Project_268,619721,0.6481830163238282,David,On Hold,3,Mechanical,80
Project_269,121691,0.6303804637602787,Alice,Completed,5,Infrastructure,103
Project_270,341215,0.5949645680201748,Alice,Completed,2,Infrastructure,112
Project_271,855995,0.6627779213663315,Sarah,Completed,1,Mechanical,299
Project_272,599446,0.5129248636768292,Bob,On Hold,4,Biochemical,292
Project_273,40352,0.8256520305925993,Alice,Completed,4,Infrastructure,240
Project_274,890927,0.7076793175888407,Charlie,In Progress,2,Mechanical,68
Project_275,684221,0.5756907743238603,Bob,Completed,2,Software,295
Project_276,360068,0.5654051814492815,Alice,In Progress,1,Mechanical,238
Project_277,168833,0.6898361990459108,Rachel,On Hold,5,Mechanical,346
Project_278,877724,0.7322532788692495,Sarah,Completed,2,Software,259
Project_279,779418,0.5478133644702667,Bob,Completed,2,Mechanical,43
Project_280,741023,0.7188740708847172,Bob,On Hold,1,Software,135
Project_281,687317,0.7764477371095868,David,On Hold,2,Software,221
Project_282,224934,0.8709517940734302,Rachel,Completed,2,Infrastructure,56
Project_283,329815,0.6617363119232611,Rachel,In Progress,4,Biochemical,225
Project_284,748062,0.7645221024940476,Charlie,In Progress,4,Infrastructure,354
Project_285,203439,0.708836272184691,Sarah,In Progress,2,Mechanical,178
Project_286,235091,0.783985980612816,Bob,On Hold,1,Infrastructure,50
Project_287,126394,0.9703268159489982,David,On Hold,3,Biochemical,69
Project_288,766890,0.5797176591991375,Alice,On Hold,4,Software,210
Project_289,530066,0.8964129964683,Alice,On Hold,4,Software,325
Project_290,514086,0.6386927873927966,Rachel,Completed,3,Infrastructure,87
Project_291,270887,0.7491640332122806,Charlie,On Hold,4,Mechanical,84
Project_292,345764,0.912442277304174,David,In Progress,2,Software,149
Project_293,422047,0.509964719431137,Sarah,On Hold,2,Mechanical,349
Project_294,232436,0.7346270577216873,Rachel,Completed,4,Biochemical,99
Project_295,390841,0.8782716429516011,Rachel,In Progress,1,Biochemical,52
Project_296,309987,0.89736723925622,Rachel,On Hold,3,Infrastructure,330
Project_297,804865,0.6715415044099786,Bob,Completed,3,Mechanical,37
Project_298,669058,0.863157585138373,Bob,In Progress,3,Mechanical,78
Project_299,206948,0.6961194436294831,Charlie,Completed,5,Mechanical,207
Project_300,537947,0.9356255227678618,Alice,On Hold,1,Mechanical,107
Project_301,678624,0.967948978646439,Alice,On Hold,4,Infrastructure,35
Project_302,67820,0.9983115001240626,Bob,Completed,5,Software,261
Project_303,702101,0.8484292482963529,Alice,Completed,1,Mechanical,42
Project_304,371222,0.7875185240844129,Sarah,In Progress,5,Infrastructure,34
Project_305,826071,0.9642643852687044,David,In Progress,5,Infrastructure,185
Project_306,530773,0.9758436975452845,Alice,In Progress,3,Mechanical,218
Project_307,762239,0.6515931070056323,Charlie,Completed,3,Infrastructure,315
Project_308,644561,0.6696383149991558,Bob,In Progress,4,Software,346
Project_309,669786,0.9630663624992672,David,On Hold,1,Infrastructure,272
Project_310,845901,0.540308677635635,Sarah,Completed,3,Software,60
Project_311,382290,0.7501314004963804,Charlie,In Progress,4,Software,81
Project_312,721555,0.9330202637587932,Charlie,In Progress,2,Infrastructure,283
Project_313,205555,0.8436913806061703,Alice,In Progress,5,Electrical,227
Project_314,282157,0.5992683473914242,Rachel,In Progress,3,Software,47
Project_315,383758,0.9020854587508755,David,Completed,4,Software,146
Project_316,419192,0.9981521338531532,Charlie,In Progress,2,Infrastructure,232
Project_317,169642,0.6995869446205059,Charlie,On Hold,4,Infrastructure,313
Project_318,874297,0.9070788261033058,Sarah,On Hold,4,Biochemical,139
Project_319,958461,0.8399274043603822,Bob,Completed,1,Electrical,57
Project_320,238765,0.5316148160164605,Alice,Completed,2,Software,96
Project_321,685490,0.5478546266746178,Sarah,In Progress,1,Software,100
Project_322,758700,0.7579360872947253,Rachel,Completed,5,Biochemical,45
Project_323,886157,0.6002778435642129,Sarah,On Hold,3,Biochemical,171
Project_324,20981,0.5425746425229669,Sarah,In Progress,5,Electrical,152
Project_325,115581,0.780212548646302,Rachel,In Progress,3,Mechanical,124
Project_326,678929,0.5509049188989723,Rachel,In Progress,5,Biochemical,30
Project_327,599371,0.7136707050747982,Rachel,Completed,2,Electrical,298
Project_328,346027,0.5502616879875087,David,On Hold,3,Electrical,291
Project_329,868507,0.7542216966628683,Bob,In Progress,5,Software,276
Project_330,106000,0.8550254583795802,Alice,In Progress,4,Infrastructure,329
Project_331,623946,0.6499909966065842,Sarah,In Progress,3,Infrastructure,144
Project_332,990719,0.9140981011951882,David,On Hold,1,Software,67
Project_333,842763,0.926936021844369,Sarah,On Hold,1,Electrical,169
Project_334,108228,0.7496087592683919,Rachel,Completed,2,Infrastructure,187
Project_335,763054,0.5056798651638967,Sarah,On Hold,4,Infrastructure,39
Project_336,681214,0.6023745317239868,Sarah,In Progress,2,Biochemical,346
Project_337,890276,0.9791767331036919,Bob,Completed,2,Biochemical,220
Project_338,870345,0.9840911643799031,David,On Hold,1,Electrical,245
Project_339,228945,0.6987462693052837,David,Completed,1,Infrastructure,357
Project_340,819667,0.6547331865628704,Charlie,On Hold,5,Mechanical,148
Project_341,116001,0.8969612734963583,Rachel,On Hold,2,Biochemical,205
Project_342,937191,0.7209595453037955,Alice,On Hold,5,Software,313
Project_343,812095,0.7039170993720982,Bob,Completed,5,Biochemical,167
Project_344,109157,0.9774620100674334,Rachel,On Hold,1,Mechanical,192
Project_345,442806,0.9947036335629738,Charlie,On Hold,2,Software,247
Project_346,135566,0.7159939209267228,Rachel,Completed,1,Biochemical,240
Project_347,162403,0.778972972612956,Rachel,On Hold,2,Electrical,185
Project_348,105793,0.5201033822365756,Bob,On Hold,4,Infrastructure,302
Project_349,297277,0.6283007875977886,Rachel,Completed,5,Biochemical,83
Project_350,43112,0.6824523555575697,Charlie,Completed,1,Mechanical,160
Project_351,858214,0.870776792185006,Alice,On Hold,1,Electrical,83
Project_352,343895,0.7317254632568129,Bob,In Progress,1,Mechanical,190
Project_353,444418,0.810103687820843,Rachel,Completed,4,Mechanical,46
Project_354,548215,0.8236022228025233,Alice,Completed,1,Infrastructure,114
Project_355,576197,0.8679481869982495,Rachel,Completed,3,Software,242
Project_356,817020,0.7934880993813838,Rachel,In Progress,3,Electrical,30
Project_357,833541,0.7890009701090024,Sarah,In Progress,3,Infrastructure,270
Project_358,932638,0.7976708294150472,Bob,In Progress,2,Infrastructure,85
Project_359,297184,0.9568403921754909,David,Completed,4,Mechanical,140
Project_360,221495,0.8802751602198504,Alice,Completed,5,Infrastructure,167
Project_361,357560,0.8291333463381065,Charlie,In Progress,5,Infrastructure,317
Project_362,154985,0.860370232322625,Charlie,In Progress,1,Infrastructure,282
Project_363,621222,0.5403993927798318,Sarah,On Hold,1,Mechanical,333
Project_364,148631,0.6232678041594173,Alice,Completed,2,Software,230
Project_365,674065,0.702099098723487,Bob,Completed,5,Infrastructure,32
Project_366,738031,0.8076539745238516,Charlie,On Hold,4,Electrical,358
Project_367,624386,0.7216668368691314,David,Completed,3,Software,232
Project_368,945380,0.9726118009193055,Bob,On Hold,4,Software,244
Project_369,936600,0.7039212001502022,David,Completed,5,Software,54
Project_370,305879,0.9072339908557563,Alice,In Progress,4,Electrical,47
Project_371,734774,0.7193881154241437,David,In Progress,4,Software,326
Project_372,480114,0.994490960307697,David,In Progress,4,Electrical,360
Project_373,875840,0.6006929645660244,Bob,Completed,1,Biochemical,48
Project_374,618836,0.8911249337229274,Rachel,On Hold,4,Electrical,65
Project_375,101444,0.640004964041776,Bob,In Progress,5,Software,165
Project_376,926493,0.77642374857647,Rachel,In Progress,5,Infrastructure,191
Project_377,140421,0.5116864719253472,Sarah,Completed,2,Software,365
Project_378,765858,0.9306521417789559,Bob,On Hold,3,Electrical,297
Project_379,51125,0.8293584171972281,Sarah,In Progress,1,Mechanical,91
Project_380,308138,0.9332211384923071,Charlie,On Hold,3,Software,131
Project_381,852450,0.9408571031923432,Alice,Completed,3,Electrical,291
Project_382,694578,0.5930406123191996,Alice,On Hold,3,Infrastructure,251
Project_383,782073,0.7782447814459466,Sarah,In Progress,3,Electrical,192
Project_384,838403,0.5547059953275646,Bob,In Progress,3,Software,226
Project_385,834287,0.8904559537249347,Charlie,On Hold,4,Biochemical,307
Project_386,487404,0.9285401130364378,David,On Hold,4,Biochemical,190
Project_387,532833,0.55384524277918,Charlie,In Progress,2,Biochemical,268
Project_388,155003,0.8307641629262809,Rachel,In Progress,4,Infrastructure,219
Project_389,805163,0.9517194563117564,Charlie,On Hold,5,Infrastructure,115
Project_390,381728,0.5144331690536714,David,In Progress,3,Electrical,225
Project_391,324409,0.8032659092367791,Alice,Completed,4,Electrical,241
Project_392,764840,0.7453050798094966,Sarah,Completed,1,Infrastructure,302
Project_393,268745,0.663994549298301,Rachel,On Hold,2,Mechanical,212
Project_394,518616,0.8901107497864993,Alice,In Progress,2,Infrastructure,329
Project_395,230281,0.9211862212675734,Bob,Completed,1,Electrical,210
Project_396,118024,0.514432279350769,David,In Progress,1,Mechanical,118
Project_397,87401,0.734471262808357,Sarah,In Progress,1,Biochemical,293
Project_398,547182,0.9127895119483544,Charlie,On Hold,3,Infrastructure,282
Project_399,224739,0.8970167766249927,David,On Hold,4,Biochemical,36
Project_400,151926,0.710125880161883,David,On Hold,1,Biochemical,223
Project_401,495226,0.6660620066641727,Sarah,Completed,5,Infrastructure,288
Project_402,180545,0.9010689892608721,Charlie,On Hold,1,Biochemical,98
Project_403,880401,0.5517217877032429,David,On Hold,4,Infrastructure,223
Project_404,271879,0.5455662061508577,Rachel,In Progress,3,Infrastructure,71
Project_405,555604,0.6862866293168677,Bob,In Progress,2,Infrastructure,245
Project_406,911985,0.6250932836317098,Alice,Completed,3,Mechanical,350
Project_407,379920,0.5669436093278066,Rachel,On Hold,4,Mechanical,242
Project_408,712655,0.7371449044945872,Sarah,Completed,4,Software,136
Project_409,614121,0.8966753657278681,David,On Hold,4,Infrastructure,186
Project_410,767453,0.5598599658435284,Sarah,On Hold,5,Mechanical,131
Project_411,74112,0.8795504899926296,Charlie,On Hold,3,Mechanical,357
Project_412,362768,0.7417792099967548,Rachel,On Hold,5,Software,354
Project_413,806664,0.789134513779199,David,On Hold,3,Biochemical,167
Project_414,486163,0.5380231830941058,Bob,On Hold,1,Biochemical,174
Project_415,818803,0.6428489866347921,Alice,In Progress,4,Biochemical,180
Project_416,104723,0.8547487933123451,David,Completed,2,Infrastructure,140
Project_417,943620,0.5719945230531184,Bob,On Hold,3,Electrical,43
Project_418,193528,0.729257722877551,Sarah,In Progress,3,Infrastructure,223
Project_419,209445,0.9347612064282116,Charlie,In Progress,1,Software,147
Project_420,59572,0.7824965578007861,Bob,On Hold,4,Electrical,67
Project_421,204377,0.7886978830121036,David,Completed,5,Mechanical,244
Project_422,21693,0.9079705986250921,Alice,In Progress,2,Infrastructure,321
Project_423,683563,0.8921007313610277,Charlie,In Progress,1,Electrical,140
Project_424,712524,0.7091407677250126,Rachel,In Progress,3,Biochemical,134
Project_425,709071,0.9123933152903767,Charlie,In Progress,2,Electrical,241
Project_426,282133,0.9642972902651017,Alice,Completed,2,Infrastructure,216
Project_427,233043,0.7000131388743653,Rachel,On Hold,4,Software,159
Project_428,476148,0.7443556664330429,Rachel,On Hold,4,Biochemical,290
Project_429,754776,0.8599765518431002,Charlie,In Progress,1,Biochemical,210
Project_430,292209,0.9539478561948549,Bob,In Progress,4,Electrical,89
Project_431,245929,0.677623543421503,Charlie,Completed,4,Biochemical,103
Project_432,656421,0.7407804999342376,Bob,On Hold,3,Infrastructure,365
Project_433,278540,0.6020180004178215,Sarah,Completed,3,Software,146
Project_434,257895,0.5937154796986751,David,Completed,5,Software,160
Project_435,69443,0.7559569455032589,David,In Progress,4,Mechanical,261
Project_436,250162,0.7746431894107122,Charlie,Completed,3,Electrical,323
Project_437,979728,0.9437518521565471,Rachel,On Hold,4,Biochemical,299
Project_438,329575,0.7585660354983053,Rachel,In Progress,3,Electrical,325
Project_439,549990,0.6873121418478204,Rachel,Completed,1,Infrastructure,101
Project_440,260005,0.5795921334259229,Charlie,On Hold,5,Biochemical,110
Project_441,911348,0.9704761970911588,David,Completed,3,Software,362
Project_442,160902,0.5621252176608903,Rachel,In Progress,2,Infrastructure,100
Project_443,809373,0.7059390159413598,David,On Hold,5,Infrastructure,345
Project_444,318025,0.9396223343810258,Bob,In Progress,4,Infrastructure,283
Project_445,436490,0.9068570569703052,Charlie,Completed,5,Biochemical,122
Project_446,571914,0.9150819954575263,Alice,On Hold,2,Mechanical,252
Project_447,680592,0.9809914026266732,Alice,Completed,4,Mechanical,77
Project_448,503480,0.5602038777456875,Bob,On Hold,4,Biochemical,170
Project_449,965494,0.6904408288419839,Charlie,In Progress,5,Infrastructure,190
Project_450,669450,0.902653638140343,Alice,Completed,3,Infrastructure,158
Project_451,778713,0.8794554686605829,Bob,Completed,2,Electrical,238
Project_452,213807,0.5729633505659981,Rachel,In Progress,5,Biochemical,296
Project_453,657317,0.7837414205845084,Alice,In Progress,2,Biochemical,278
Project_454,538257,0.7182999260604077,Alice,Completed,4,Biochemical,140
Project_455,400530,0.9701698410126455,Sarah,Completed,3,Biochemical,63
Project_456,891997,0.5537555021750733,David,In Progress,5,Biochemical,126
Project_457,147362,0.7386073615836853,David,Completed,1,Biochemical,115
Project_458,344550,0.9595522629167259,David,In Progress,5,Infrastructure,126
Project_459,232030,0.6497054001647279,Rachel,On Hold,1,Software,234
Project_460,814784,0.5467654828236184,Charlie,Completed,4,Biochemical,230
Project_461,841666,0.8777981925945437,Alice,Completed,2,Biochemical,166
Project_462,27971,0.8146098004080724,David,On Hold,4,Mechanical,337
Project_463,971294,0.6502817250692969,Charlie,In Progress,1,Mechanical,184
Project_464,231851,0.7114177418701857,Rachel,In Progress,5,Software,62
Project_465,903868,0.8276729149596118,Rachel,Completed,4,Software,236
Project_466,858439,0.5698814163536426,David,Completed,5,Electrical,139
Project_467,621465,0.7606740815813411,David,Completed,4,Biochemical,144
Project_468,520603,0.6477828295327983,Rachel,On Hold,5,Biochemical,326
Project_469,318705,0.679851018164302,David,Completed,3,Mechanical,47
Project_470,311066,0.7139456609675384,Sarah,On Hold,2,Electrical,137
Project_471,606430,0.8663739893333392,Charlie,On Hold,4,Biochemical,175
Project_472,492587,0.9351882123413795,Sarah,In Progress,5,Infrastructure,61
Project_473,210460,0.9187628909264546,Charlie,On Hold,5,Software,186
Project_474,156056,0.7956197979797923,Alice,On Hold,3,Infrastructure,49
Project_475,626645,0.8508430405334522,Alice,Completed,2,Software,229
Project_476,669197,0.9989475412868651,Alice,On Hold,3,Software,68
Project_477,357430,0.5392823470704243,Alice,On Hold,5,Electrical,143
Project_478,145142,0.9197390381720434,David,In Progress,4,Infrastructure,166
Project_479,504896,0.5569363377688257,Bob,Completed,5,Mechanical,262
Project_480,760865,0.7772233928955519,Rachel,In Progress,1,Infrastructure,263
Project_481,523010,0.8072084409798569,Alice,On Hold,4,Mechanical,220
Project_482,440842,0.6793118843979813,Sarah,On Hold,3,Electrical,231
Project_483,396791,0.9094985094611967,Bob,Completed,2,Software,216
Project_484,572560,0.909255435739461,Rachel,On Hold,3,Software,217
Project_485,428878,0.7751577560415721,Charlie,In Progress,1,Infrastructure,156
Project_486,735738,0.6721320429037045,Alice,Completed,4,Biochemical,175
Project_487,385497,0.7821524945158024,Alice,On Hold,3,Mechanical,34
Project_488,241430,0.8469077238898628,Charlie,On Hold,5,Electrical,68
Project_489,713015,0.537318977835878,Alice,Completed,3,Biochemical,223
Project_490,240145,0.9516898833845236,David,On Hold,1,Software,334
Project_491,30621,0.8823273831647713,Bob,In Progress,2,Software,278
Project_492,762683,0.8504459194511935,Charlie,Completed,4,Infrastructure,189
Project_493,482742,0.7687328908063051,Bob,Completed,1,Mechanical,298
Project_494,197922,0.6571174392255477,David,Completed,5,Software,164
Project_495,384184,0.7083608468507757,Charlie,Completed,5,Infrastructure,130
Project_496,285054,0.6641036180114437,David,In Progress,3,Infrastructure,320
Project_497,705869,0.6418438505265747,Sarah,On Hold,2,Software,55
Project_498,294195,0.5902559288231657,Alice,In Progress,4,Biochemical,254
Project_499,33471,0.7625265509991332,Sarah,In Progress,2,Biochemical,65
Project_500,157459,0.7565532091126392,David,On Hold,4,Mechanical,278
Project_501,570104,0.7500007748164341,Rachel,In Progress,3,Infrastructure,223
Project_502,984737,0.7391480216747092,Bob,In Progress,3,Biochemical,223
Project_503,97425,0.7080933134054355,Charlie,Completed,4,Infrastructure,179
Project_504,85535,0.9607334091934764,Sarah,On Hold,1,Mechanical,229
Project_505,459760,0.6406933326608805,Alice,Completed,5,Mechanical,129
Project_506,214149,0.7558899102067445,Rachel,Completed,3,Electrical,85
Project_507,106224,0.8348369490818882,Bob,On Hold,5,Infrastructure,32
Project_508,633287,0.5575248163506821,Charlie,On Hold,1,Mechanical,306
Project_509,701482,0.9435294587672969,Alice,On Hold,5,Software,93
Project_510,976798,0.557376761309581,Bob,On Hold,4,Infrastructure,260
Project_511,378942,0.6180296846088111,Rachel,On Hold,4,Software,278
Project_512,614147,0.6936191219876398,Charlie,On Hold,5,Biochemical,98
Project_513,873948,0.6136595272112828,Alice,Completed,4,Biochemical,46
Project_514,399393,0.7955381181746062,Sarah,Completed,3,Infrastructure,147
Project_515,74453,0.679853787016778,Alice,Completed,5,Biochemical,57
Project_516,186714,0.6594450761447014,Rachel,On Hold,4,Software,180
Project_517,488980,0.7106515594099261,Sarah,Completed,3,Infrastructure,184
Project_518,334267,0.5149483609232712,Charlie,On Hold,1,Infrastructure,221
Project_519,475097,0.6575213370644477,Rachel,On Hold,5,Infrastructure,101
Project_520,302734,0.7263333376165361,Charlie,In Progress,5,Mechanical,80
Project_521,901191,0.7432444107308913,David,On Hold,4,Software,147
Project_522,599463,0.5081407433768068,Alice,In Progress,3,Infrastructure,263
Project_523,867311,0.8128980641976871,Sarah,On Hold,2,Biochemical,35
Project_524,600618,0.8460047114425061,Bob,On Hold,5,Biochemical,82
Project_525,302329,0.5919839222038563,Alice,In Progress,5,Biochemical,42
Project_526,461630,0.6722809190379601,David,On Hold,3,Infrastructure,226
Project_527,502848,0.8017968895798852,Alice,In Progress,5,Software,50
Project_528,452622,0.5187547804202923,David,On Hold,1,Biochemical,135
Project_529,979039,0.7395160925405537,Sarah,On Hold,5,Electrical,64
Project_530,901673,0.8294198855168875,Charlie,Completed,2,Electrical,295
Project_531,871880,0.7146241368088488,Rachel,In Progress,2,Biochemical,206
Project_532,110705,0.6854462808615952,Charlie,Completed,1,Infrastructure,112
Project_533,509587,0.5515981033154167,David,Completed,3,Biochemical,355
Project_534,81001,0.5743869820831,Bob,On Hold,4,Electrical,161
Project_535,254273,0.8334788465643389,Sarah,On Hold,4,Mechanical,191
Project_536,933240,0.6919696096173804,Charlie,Completed,2,Electrical,228
Project_537,859301,0.5654072467394722,Sarah,Completed,5,Electrical,190
Project_538,576865,0.6641285654117559,Rachel,On Hold,3,Biochemical,154
Project_539,550578,0.5616190990702326,Bob,In Progress,4,Biochemical,287
Project_540,644811,0.7656559411710402,Charlie,On Hold,5,Software,278
Project_541,957636,0.5417885067867103,Rachel,Completed,2,Biochemical,345
Project_542,184391,0.5523724484765199,Sarah,Completed,1,Infrastructure,139
Project_543,912965,0.503526951329381,Charlie,Completed,2,Electrical,260
Project_544,475293,0.7198662574246679,Charlie,On Hold,4,Biochemical,337
Project_545,891462,0.8822810091412114,Alice,On Hold,2,Mechanical,257
Project_546,776828,0.8549590434529554,Charlie,Completed,1,Software,359
Project_547,580555,0.5611503527937289,Alice,On Hold,5,Biochemical,80
Project_548,832708,0.8822183107487699,Charlie,On Hold,1,Biochemical,237
Project_549,14391,0.9369750164952306,Sarah,On Hold,4,Electrical,213
Project_550,723195,0.6781271659861785,Sarah,Completed,5,Mechanical,192
Project_551,568710,0.7327461839342996,Sarah,In Progress,5,Infrastructure,189
Project_552,66406,0.6561520057584773,David,In Progress,4,Mechanical,148
Project_553,368578,0.7142952684153585,Alice,Completed,3,Infrastructure,228
Project_554,388184,0.5087565683586599,Rachel,Completed,2,Electrical,137
Project_555,333585,0.9189257562663139,David,In Progress,5,Infrastructure,279
Project_556,900878,0.6556344464269208,David,In Progress,5,Infrastructure,321
Project_557,978145,0.6083627003443457,Alice,Completed,5,Infrastructure,127
Project_558,294196,0.8094291853280187,Charlie,On Hold,1,Biochemical,340
Project_559,240547,0.9136980363258417,Sarah,On Hold,3,Infrastructure,277
Project_560,870214,0.5433185936013345,Alice,In Progress,1,Biochemical,318
Project_561,336959,0.5094363880918763,Sarah,In Progress,3,Electrical,229
Project_562,439579,0.5532444869573416,David,On Hold,3,Biochemical,220
Project_563,608793,0.5594697461659732,Alice,Completed,4,Mechanical,161
Project_564,926756,0.880080965310253,Sarah,In Progress,2,Biochemical,336
Project_565,628865,0.8034596926659296,Bob,Completed,4,Mechanical,329
Project_566,708834,0.8550215678412865,Sarah,In Progress,2,Biochemical,298
Project_567,527373,0.8112723573307841,Charlie,Completed,3,Mechanical,63
Project_568,620368,0.7839436590631063,Charlie,On Hold,5,Software,274
Project_569,161845,0.5419004733870566,Alice,In Progress,1,Infrastructure,191
Project_570,616566,0.6058281928017737,David,In Progress,5,Software,149
Project_571,940496,0.7003032574428003,Bob,In Progress,4,Biochemical,157
Project_572,48600,0.9153883185044143,Sarah,On Hold,4,Biochemical,101
Project_573,10335,0.5347486656280268,Charlie,In Progress,1,Software,81
Project_574,254920,0.6264583417249714,Charlie,In Progress,1,Infrastructure,200
Project_575,796412,0.8464251828925067,Alice,Completed,1,Mechanical,145
Project_576,601938,0.8316933749715869,Charlie,In Progress,3,Mechanical,298
Project_577,362748,0.6857065185580338,Rachel,In Progress,1,Software,151
Project_578,631375,0.651625315741438,Sarah,In Progress,4,Biochemical,352
Project_579,951720,0.6447081235028826,David,On Hold,2,Software,156
Project_580,460387,0.9168149191273496,Alice,In Progress,2,Software,79
Project_581,621591,0.9208817477767941,Rachel,On Hold,1,Mechanical,109
Project_582,932563,0.8092233812284056,Alice,In Progress,1,Electrical,191
Project_583,52990,0.659213725185041,David,Completed,3,Software,236
Project_584,184848,0.8338361704226729,Alice,In Progress,2,Mechanical,197
Project_585,703102,0.5529072676516682,Charlie,Completed,2,Software,351
Project_586,922399,0.5352817471320576,Bob,Completed,5,Software,62
Project_587,55648,0.7615141197148596,Charlie,On Hold,5,Software,175
Project_588,61107,0.9015877666682314,Bob,In Progress,1,Electrical,197
Project_589,272500,0.7160945502469429,Bob,In Progress,4,Software,67
Project_590,382999,0.9186099865483688,Alice,In Progress,2,Mechanical,294
Project_591,326085,0.5368121868105225,David,In Progress,2,Infrastructure,251
Project_592,633993,0.7774398639772861,Charlie,In Progress,1,Infrastructure,289
Project_593,610549,0.9279810290204722,David,Completed,5,Biochemical,243
Project_594,527091,0.6307113851838237,David,In Progress,2,Infrastructure,308
Project_595,300051,0.9474938483722959,Charlie,On Hold,5,Mechanical,205
Project_596,284604,0.9102879936372985,Rachel,On Hold,4,Infrastructure,100
Project_597,317140,0.7069544046873544,David,Completed,4,Electrical,294
Project_598,583848,0.7031186064665274,Charlie,On Hold,3,Mechanical,68
Project_599,361470,0.9055448608789911,Rachel,On Hold,3,Biochemical,50
Project_600,991869,0.7307106082041605,David,Completed,2,Infrastructure,118
Project_601,981450,0.5615092378711044,Bob,Completed,1,Electrical,239
Project_602,185235,0.7837604294405047,David,Completed,2,Infrastructure,332
Project_603,224068,0.5468816929107567,Rachel,In Progress,1,Biochemical,343
Project_604,809627,0.8285129070237707,David,Completed,2,Infrastructure,325
Project_605,927945,0.6872089748339136,Bob,On Hold,2,Electrical,308
Project_606,770572,0.8862025466579124,David,Completed,4,Infrastructure,91
Project_607,242250,0.5109459031744819,David,Completed,2,Software,77
Project_608,999089,0.529383396938969,David,Completed,2,Infrastructure,48
Project_609,764854,0.8394546870962074,Rachel,In Progress,4,Biochemical,112
Project_610,430305,0.7130326999974663,Alice,Completed,2,Electrical,135
Project_611,813985,0.6854664599409528,Sarah,In Progress,4,Software,157
Project_612,297902,0.9429243719510004,Rachel,In Progress,3,Software,254
Project_613,947982,0.8601691958686202,David,Completed,1,Infrastructure,308
Project_614,357658,0.5048100195843974,Sarah,In Progress,3,Biochemical,233
Project_615,199623,0.5959162747862179,Bob,On Hold,4,Biochemical,162
Project_616,783743,0.53317678242024,Sarah,In Progress,3,Electrical,240
Project_617,575415,0.8678601196379074,Bob,Completed,3,Software,316
Project_618,191455,0.9554721697436702,David,Completed,5,Electrical,292
Project_619,535423,0.7302456601816929,Sarah,Completed,5,Mechanical,161
Project_620,485589,0.5984543948470853,Sarah,Completed,1,Software,290
Project_621,237014,0.9149861392373155,Bob,On Hold,2,Mechanical,335
Project_622,468594,0.6402840567540277,Rachel,In Progress,3,Mechanical,83
Project_623,544701,0.812093554466823,David,Completed,5,Software,245
Project_624,896011,0.9957266431903573,Bob,On Hold,1,Infrastructure,334
Project_625,915224,0.6223372064986805,Sarah,Completed,1,Infrastructure,191
Project_626,596055,0.5364642915777436,David,In Progress,2,Biochemical,141
Project_627,132750,0.8340837329691977,Sarah,Completed,3,Mechanical,143
Project_628,416102,0.7601048177790808,Alice,On Hold,3,Infrastructure,270
Project_629,158782,0.9382858231696442,Sarah,Completed,3,Biochemical,349
Project_630,695385,0.8382880650968066,David,In Progress,2,Electrical,179
Project_631,395959,0.6277719848229761,Sarah,Completed,3,Mechanical,289
Project_632,794352,0.9020160609521359,Bob,In Progress,3,Electrical,88
Project_633,643530,0.6683189056931993,Rachel,Completed,1,Mechanical,77
Project_634,845731,0.9694660355635027,Rachel,In Progress,1,Software,213
Project_635,96814,0.73410611921146,Alice,Completed,3,Mechanical,61
Project_636,858954,0.9175766990497518,David,In Progress,4,Biochemical,86
Project_637,893702,0.7190492206376045,Bob,Completed,3,Biochemical,277
Project_638,369696,0.9148726222410066,Charlie,In Progress,1,Electrical,333
Project_639,830792,0.6430618392633853,Rachel,In Progress,2,Electrical,46
Project_640,19033,0.7542396319276199,Bob,On Hold,5,Biochemical,40
Project_641,235145,0.6580215607521672,Alice,Completed,4,Electrical,323
Project_642,521682,0.8382889292847429,Sarah,Completed,4,Software,151
Project_643,701295,0.8706517528402944,David,In Progress,3,Biochemical,337
Project_644,121152,0.8318481351805014,David,Completed,5,Mechanical,157
Project_645,575043,0.8636496701110945,David,Completed,1,Mechanical,133
Project_646,839127,0.8849671238059938,Charlie,In Progress,5,Software,223
Project_647,162573,0.7765432567197228,David,In Progress,3,Software,145
Project_648,299067,0.9754806815143358,Charlie,On Hold,5,Electrical,214
Project_649,529174,0.5312104008103662,Charlie,In Progress,1,Biochemical,239
Project_650,29596,0.8635641603084061,David,On Hold,1,Electrical,253
Project_651,282230,0.7159215593956889,Sarah,Completed,4,Mechanical,360
Project_652,354687,0.7088358920968272,Rachel,On Hold,5,Electrical,156
Project_653,652881,0.9374227467450216,Charlie,On Hold,5,Infrastructure,72
Project_654,370368,0.5343909378156727,Rachel,In Progress,3,Software,336
Project_655,865921,0.8981650114323423,Charlie,On Hold,4,Biochemical,285
Project_656,543555,0.6592661391954775,Alice,On Hold,5,Mechanical,319
Project_657,625815,0.6386705982749313,Rachel,Completed,4,Infrastructure,144
Project_658,619199,0.8670428680080371,Sarah,In Progress,4,Biochemical,98
Project_659,585859,0.926976075835171,Bob,On Hold,1,Software,126
Project_660,345314,0.8701683822684048,Charlie,In Progress,5,Biochemical,148
Project_661,134627,0.9564343845965555,Alice,On Hold,5,Electrical,57
Project_662,573713,0.7202730273003035,Charlie,In Progress,5,Mechanical,324
Project_663,372681,0.9424960228160852,Rachel,On Hold,3,Mechanical,298
Project_664,626246,0.5471351187416371,Rachel,Completed,3,Electrical,284
Project_665,638003,0.6217534088407366,Alice,Completed,1,Mechanical,193
Project_666,303057,0.956424209454987,Alice,Completed,1,Software,174
Project_667,792854,0.5863442908577763,David,Completed,2,Biochemical,32
Project_668,59196,0.6135275649299284,Alice,Completed,4,Biochemical,289
Project_669,803881,0.7972622729052401,Bob,In Progress,3,Mechanical,181
Project_670,13299,0.6609220841573706,David,In Progress,2,Software,238
Project_671,371946,0.5860633248789405,Bob,In Progress,2,Electrical,256
Project_672,642631,0.8293416600654814,Alice,In Progress,1,Biochemical,282
Project_673,725005,0.9598801906013887,Rachel,In Progress,4,Mechanical,310
Project_674,82739,0.5749034246869147,Alice,In Progress,1,Software,227
Project_675,579040,0.5289201923669464,Rachel,On Hold,3,Mechanical,306
Project_676,674886,0.9528733350649393,Rachel,On Hold,2,Infrastructure,43
Project_677,876869,0.8445845825754167,Sarah,On Hold,1,Software,84
Project_678,32247,0.5095468080958667,Charlie,In Progress,4,Electrical,86
Project_679,886085,0.9159061927574246,Bob,Completed,3,Software,349
Project_680,597673,0.5142211870209478,Bob,On Hold,4,Infrastructure,283
Project_681,902600,0.776473190585243,David,Completed,5,Electrical,158
Project_682,76517,0.8721505469414597,Alice,On Hold,5,Software,140
Project_683,478343,0.5101178171865843,Charlie,In Progress,2,Biochemical,335
Project_684,577069,0.8276100790858734,Bob,Completed,2,Infrastructure,112
Project_685,458528,0.6231895673643202,David,Completed,4,Mechanical,289
Project_686,817527,0.7978531544832261,Bob,Completed,3,Mechanical,353
Project_687,461999,0.7700094944281402,Sarah,Completed,1,Mechanical,358
Project_688,292530,0.9566532567974353,Bob,On Hold,5,Infrastructure,222
Project_689,762969,0.703479201175118,Sarah,In Progress,1,Biochemical,248
Project_690,983836,0.8607776803223028,Charlie,In Progress,2,Electrical,245
Project_691,105392,0.8832245311250289,Rachel,In Progress,5,Infrastructure,343
Project_692,332535,0.7740155214484472,Bob,Completed,2,Electrical,164
Project_693,620301,0.9841598669028273,Bob,Completed,3,Software,171
Project_694,164764,0.6617363283661402,Sarah,Completed,2,Software,165
Project_695,938987,0.6164615284861923,Charlie,On Hold,3,Mechanical,303
Project_696,116908,0.6297159401121601,Alice,In Progress,2,Software,273
Project_697,686246,0.6309865107117307,David,In Progress,1,Mechanical,323
Project_698,710106,0.5501745095669042,Alice,Completed,4,Electrical,124
Project_699,432386,0.5767054920425951,David,Completed,5,Electrical,201
Project_700,214397,0.7912971525648678,Alice,Completed,2,Biochemical,79
Project_701,727927,0.6050579289892848,Charlie,On Hold,3,Electrical,322
Project_702,872796,0.5882288730544101,Alice,In Progress,2,Software,356
Project_703,84484,0.6920633422348125,Rachel,Completed,1,Software,302
Project_704,282981,0.5158046565554781,Charlie,In Progress,2,Electrical,187
Project_705,803452,0.846865253692257,Charlie,Completed,1,Mechanical,55
Project_706,89676,0.7511669601287376,David,In Progress,1,Software,55
Project_707,486347,0.6638164380560224,Alice,Completed,2,Electrical,114
Project_708,152343,0.6695797895916045,Sarah,Completed,3,Electrical,187
Project_709,575581,0.6935542625930293,Charlie,On Hold,1,Infrastructure,251
Project_710,871619,0.8567909325872656,David,In Progress,4,Infrastructure,287
Project_711,231358,0.921331496525398,Bob,On Hold,1,Electrical,324
Project_712,841367,0.8877483447199228,Alice,On Hold,2,Software,186
Project_713,905807,0.8160354540712867,Sarah,In Progress,3,Mechanical,218
Project_714,702457,0.5453673074866949,Sarah,In Progress,1,Software,225
Project_715,521070,0.7091436578270645,Alice,In Progress,5,Electrical,191
Project_716,708712,0.6557041526863885,Bob,On Hold,1,Biochemical,353
Project_717,946973,0.505079653083613,Alice,Completed,1,Mechanical,255
Project_718,653682,0.7357278595405394,Charlie,Completed,4,Infrastructure,46
Project_719,47602,0.8499112969474273,Sarah,In Progress,1,Electrical,41
Project_720,869975,0.5720270400893224,Rachel,Completed,4,Mechanical,163
Project_721,926412,0.6756973805569402,Bob,In Progress,2,Electrical,32
Project_722,478134,0.6685264501759737,Rachel,In Progress,4,Mechanical,52
Project_723,843203,0.8650126392217097,Alice,Completed,4,Infrastructure,88
Project_724,945376,0.6373931219442543,Sarah,On Hold,4,Electrical,90
Project_725,434214,0.8518774145768493,Charlie,Completed,1,Infrastructure,294
Project_726,160826,0.5985278011934884,Alice,Completed,5,Mechanical,171
Project_727,889264,0.5769506710874892,David,On Hold,4,Mechanical,309
Project_728,700485,0.7274516107525594,Charlie,On Hold,1,Electrical,125
Project_729,80914,0.8274073523929082,Sarah,Completed,2,Biochemical,203
Project_730,698735,0.7750235209307785,Alice,In Progress,4,Infrastructure,77
Project_731,737783,0.70760225609157,Sarah,In Progress,3,Mechanical,336
Project_732,150067,0.8305397596920838,Sarah,In Progress,5,Electrical,245
Project_733,170560,0.520069619422441,David,Completed,3,Software,61
Project_734,367261,0.7990541305591774,Rachel,Completed,5,Mechanical,86
Project_735,623145,0.8901940538198696,David,On Hold,4,Software,360
Project_736,733134,0.565133337895319,Rachel,In Progress,1,Software,115
Project_737,528527,0.7238064445500734,Bob,Completed,4,Software,297
Project_738,278194,0.9613745510019415,Sarah,In Progress,1,Biochemical,191
Project_739,678124,0.8021388239467495,Rachel,On Hold,3,Infrastructure,268
Project_740,915364,0.7432315771464809,Bob,On Hold,4,Biochemical,269
Project_741,877042,0.9032520305150167,Bob,Completed,2,Biochemical,187
Project_742,415444,0.776048486854344,Charlie,On Hold,3,Mechanical,58
Project_743,889913,0.928265109733784,Rachel,In Progress,4,Infrastructure,137
Project_744,928378,0.7289884526224357,Charlie,Completed,5,Biochemical,77
Project_745,826634,0.8405863116445575,Rachel,In Progress,5,Software,193
Project_746,179674,0.9738053909025488,David,On Hold,3,Software,354
Project_747,812213,0.8296190160369492,Charlie,In Progress,5,Mechanical,187
Project_748,323472,0.8168772482446349,Sarah,In Progress,4,Software,165
Project_749,815871,0.5171299397780253,David,In Progress,1,Software,78
Project_750,787520,0.609906952840167,Charlie,Completed,3,Biochemical,167
Project_751,808014,0.7876855827657399,Alice,In Progress,3,Software,50
Project_752,305144,0.5107715314841124,Charlie,On Hold,2,Biochemical,264
Project_753,555050,0.6597298711537449,Charlie,In Progress,3,Software,199
Project_754,31281,0.6680726036001023,Bob,In Progress,2,Electrical,107
Project_755,707450,0.6591741037350828,Charlie,On Hold,1,Infrastructure,193
Project_756,543812,0.6771696344491865,David,On Hold,2,Mechanical,100
Project_757,294544,0.6993577025884046,David,Completed,2,Software,326
Project_758,242316,0.9088106957251537,Bob,In Progress,3,Biochemical,171
Project_759,477484,0.5991703199462954,Sarah,On Hold,5,Biochemical,338
Project_760,133234,0.9385308989649768,Bob,Completed,3,Software,361
Project_761,20190,0.8744725653224916,David,On Hold,5,Infrastructure,198
Project_762,192366,0.9897168189007717,Bob,In Progress,2,Software,127
Project_763,738056,0.6217922383325718,David,On Hold,1,Electrical,363
Project_764,240453,0.7526906758868579,David,In Progress,2,Software,222
Project_765,950851,0.8784604399792512,Bob,On Hold,3,Biochemical,167
Project_766,234609,0.7728944553569224,Alice,Completed,4,Biochemical,311
Project_767,905129,0.9868126791081845,Charlie,In Progress,2,Biochemical,38
Project_768,80745,0.6054533966600897,Sarah,Completed,5,Software,75
Project_769,853156,0.9992716605266951,Charlie,On Hold,1,Software,223
Project_770,176724,0.8908899063330933,Alice,Completed,2,Biochemical,181
Project_771,129485,0.7915382712602665,Charlie,Completed,4,Infrastructure,350
Project_772,719657,0.8194910725487953,David,Completed,3,Biochemical,234
Project_773,362666,0.6420645172167656,Sarah,In Progress,2,Infrastructure,287
Project_774,552229,0.8808366285055762,Rachel,In Progress,1,Infrastructure,70
Project_775,399163,0.634042958757868,Bob,In Progress,5,Infrastructure,40
Project_776,720182,0.8432142437717329,Rachel,In Progress,2,Infrastructure,363
Project_777,775392,0.602268946290272,Rachel,On Hold,4,Mechanical,237
Project_778,45910,0.7446284438573977,Alice,On Hold,2,Biochemical,223
Project_779,52527,0.5775658562870523,David,In Progress,1,Mechanical,350
Project_780,632147,0.6332436208262708,David,Completed,5,Electrical,287
Project_781,703429,0.5869239482235368,Alice,On Hold,3,Electrical,217
Project_782,741938,0.5621012101117433,Alice,In Progress,1,Electrical,358
Project_783,147052,0.9216600782830869,David,Completed,1,Infrastructure,109
Project_784,909149,0.5218133421327038,David,In Progress,3,Mechanical,123
Project_785,277221,0.531113497294513,Sarah,Completed,2,Software,314
Project_786,720956,0.7142193934026537,Sarah,Completed,2,Infrastructure,338
Project_787,943817,0.5440052298052513,Charlie,In Progress,5,Mechanical,266
Project_788,238492,0.8025108340198527,Sarah,Completed,3,Infrastructure,60
Project_789,511148,0.5352901668163756,Sarah,On Hold,1,Biochemical,365
Project_790,142295,0.8454436372312251,Sarah,In Progress,2,Biochemical,129
Project_791,807794,0.9175341001698873,Alice,On Hold,4,Biochemical,83
Project_792,845848,0.8257759469441426,Charlie,On Hold,2,Biochemical,141
Project_793,501024,0.9249479473206905,Alice,Completed,1,Mechanical,211
Project_794,988095,0.688758268200355,Bob,On Hold,5,Biochemical,335
Project_795,172379,0.9198800326087031,Rachel,On Hold,4,Biochemical,277
Project_796,813717,0.8163605122979823,Sarah,Completed,1,Biochemical,261
Project_797,392365,0.8163011740752868,Bob,In Progress,3,Mechanical,44
Project_798,309061,0.9235051584849648,Charlie,Completed,3,Infrastructure,146
Project_799,579748,0.9134274484864403,Bob,In Progress,3,Software,332
Project_800,862908,0.5444344314436481,Rachel,Completed,2,Electrical,192
Project_801,574100,0.6115775528697749,Rachel,In Progress,3,Mechanical,186
Project_802,287389,0.5596155816267865,Bob,On Hold,1,Software,269
Project_803,338246,0.8838801955486928,Rachel,Completed,2,Biochemical,233
Project_804,96541,0.5139578612409083,Bob,On Hold,3,Biochemical,120
Project_805,608390,0.7988141878998247,Alice,Completed,3,Biochemical,343
Project_806,967402,0.6995310392659033,Sarah,On Hold,4,Electrical,244
Project_807,303452,0.8865798052167038,Bob,Completed,4,Biochemical,345
Project_808,617559,0.8833189735047706,Charlie,Completed,1,Electrical,256
Project_809,818701,0.6364053723666916,Sarah,In Progress,5,Electrical,121
Project_810,315341,0.674578896172779,Bob,Completed,3,Electrical,82
Project_811,148107,0.5260451357255724,Sarah,Completed,5,Software,244
Project_812,933877,0.9060759481542134,Bob,In Progress,4,Mechanical,219
Project_813,248385,0.9519793592669556,Sarah,On Hold,2,Infrastructure,119
Project_814,502764,0.8855888005501618,Bob,In Progress,3,Software,135
Project_815,193004,0.653944570837453,Bob,On Hold,2,Biochemical,31
Project_816,427992,0.9296741913247892,Sarah,Completed,3,Mechanical,242
Project_817,285055,0.7333344799934407,Sarah,Completed,1,Mechanical,342
Project_818,660605,0.651769058416741,Charlie,On Hold,3,Software,33
Project_819,396792,0.7772074499353809,Bob,Completed,2,Infrastructure,280
Project_820,110726,0.7234217422217639,Bob,In Progress,1,Biochemical,153
Project_821,836593,0.946247853656341,Bob,In Progress,5,Mechanical,324
Project_822,871477,0.6083590777669043,Bob,On Hold,1,Electrical,321
Project_823,103288,0.8927264601944208,David,On Hold,2,Biochemical,334
Project_824,353319,0.5107031641288055,Charlie,Completed,1,Mechanical,245
Project_825,445023,0.5518030116662962,Rachel,On Hold,1,Biochemical,59
Project_826,462794,0.6173646652940415,Charlie,In Progress,2,Biochemical,69
Project_827,107374,0.52316105543498,Charlie,On Hold,1,Biochemical,274
Project_828,898047,0.5734002059104939,Alice,In Progress,5,Software,262
Project_829,26089,0.7353245201868006,Alice,Completed,4,Software,331
Project_830,16502,0.9784101247100657,Rachel,On Hold,3,Software,300
Project_831,710953,0.9323957627449029,Rachel,Completed,5,Infrastructure,177
Project_832,942213,0.6710986190487616,Bob,In Progress,5,Biochemical,98
Project_833,465863,0.6399036143154897,David,In Progress,3,Software,238
Project_834,166454,0.5187616717488375,David,In Progress,5,Biochemical,263
Project_835,880107,0.9946545763306409,Bob,On Hold,4,Software,311
Project_836,18585,0.9244263121507994,Bob,On Hold,3,Electrical,136
Project_837,678172,0.6341172844881204,Sarah,On Hold,2,Mechanical,306
Project_838,499092,0.5722485928978555,Alice,On Hold,2,Mechanical,78
Project_839,987113,0.7482956723642306,Rachel,In Progress,5,Infrastructure,121
Project_840,178959,0.8492913007275886,Bob,Completed,2,Software,160
Project_841,222094,0.7830373001745422,David,On Hold,2,Infrastructure,182
Project_842,760387,0.694418363234292,Alice,In Progress,1,Mechanical,245
Project_843,531796,0.8345350363426184,Bob,In Progress,2,Electrical,148
Project_844,115058,0.8662418172942152,Charlie,In Progress,1,Biochemical,98
Project_845,421075,0.6087194584861847,Sarah,In Progress,1,Biochemical,180
Project_846,982794,0.6965353764289883,Sarah,Completed,4,Biochemical,172
Project_847,535974,0.7590740737092612,Bob,On Hold,5,Infrastructure,168
Project_848,339670,0.9764538783040112,Sarah,Completed,2,Biochemical,343
Project_849,527128,0.8418483091889929,Alice,In Progress,4,Mechanical,205
Project_850,305269,0.9869737299868755,Rachel,On Hold,2,Software,291
Project_851,833794,0.8308119628586468,Sarah,Completed,2,Software,147
Project_852,985970,0.6493870343835935,Alice,In Progress,3,Biochemical,217
Project_853,748126,0.8955525729224862,Rachel,In Progress,5,Infrastructure,190
Project_854,508145,0.690568375920171,Alice,On Hold,3,Biochemical,336
Project_855,845077,0.7637832293697528,Alice,In Progress,1,Software,177
Project_856,572130,0.6753687235599486,Alice,Completed,3,Infrastructure,341
Project_857,214305,0.9771158719337042,Alice,Completed,4,Biochemical,233
Project_858,534890,0.5866049198580747,Alice,Completed,4,Electrical,349
Project_859,68915,0.6619760466927753,Sarah,On Hold,5,Mechanical,116
Project_860,575964,0.6584120661569952,Bob,Completed,4,Software,60
Project_861,403666,0.538232584638574,Sarah,Completed,2,Infrastructure,65
Project_862,142127,0.8511511024052774,Charlie,Completed,2,Software,345
Project_863,186282,0.5449736090689089,Alice,On Hold,1,Software,68
Project_864,63999,0.5445941036540975,Rachel,Completed,1,Biochemical,83
Project_865,868179,0.9762228076609276,Sarah,In Progress,2,Mechanical,313
Project_866,621979,0.874623438211396,David,Completed,5,Biochemical,44
Project_867,859986,0.9960261175825085,David,Completed,5,Infrastructure,229
Project_868,666374,0.9968785677495192,Alice,In Progress,3,Electrical,164
Project_869,302879,0.6560431432768458,Alice,On Hold,4,Biochemical,300
Project_870,70174,0.7796516309861217,Sarah,Completed,5,Electrical,171
Project_871,328273,0.9762888424844429,Bob,In Progress,3,Electrical,312
Project_872,893527,0.81821828067713,David,Completed,2,Electrical,310
Project_873,527209,0.5507216691997462,Bob,In Progress,3,Biochemical,149
Project_874,518847,0.6653363287751103,Charlie,Completed,3,Software,67
Project_875,24719,0.6625050724988021,Rachel,In Progress,2,Software,137
Project_876,154643,0.6066665678099732,David,In Progress,4,Mechanical,189
Project_877,833177,0.5536929390773987,Alice,Completed,2,Biochemical,127
Project_878,646909,0.8804567426028589,Bob,On Hold,2,Infrastructure,89
Project_879,197377,0.9736390200030347,Alice,Completed,3,Mechanical,364
Project_880,240962,0.8828166714568019,Bob,In Progress,4,Software,285
Project_881,770627,0.9605105592764818,Alice,In Progress,2,Electrical,245
Project_882,44457,0.9831863761513547,Alice,On Hold,5,Electrical,64
Project_883,878944,0.9688827395809516,Charlie,On Hold,5,Software,261
Project_884,658347,0.8531662289095561,Sarah,On Hold,4,Biochemical,202
Project_885,603752,0.550982463317353,David,In Progress,4,Biochemical,248
Project_886,253992,0.9471925908399558,David,In Progress,5,Software,229
Project_887,248795,0.8438555080047059,David,Completed,5,Electrical,152
Project_888,291817,0.7879176963943073,Sarah,In Progress,1,Infrastructure,157
Project_889,823835,0.8078724643428966,David,In Progress,4,Electrical,215
Project_890,656870,0.6072476307895107,Sarah,On Hold,2,Electrical,55
Project_891,414193,0.5084396452993305,Sarah,Completed,5,Infrastructure,132
Project_892,985763,0.6905173444930428,Sarah,Completed,3,Mechanical,156
Project_893,843175,0.8926669386953885,Bob,Completed,5,Mechanical,79
Project_894,563712,0.8691012027095845,Sarah,On Hold,2,Infrastructure,144
Project_895,603393,0.791725106183752,Alice,On Hold,4,Mechanical,216
Project_896,303443,0.8246892294187199,David,Completed,3,Biochemical,323
Project_897,275946,0.5763227244385215,Sarah,In Progress,3,Infrastructure,326
Project_898,944713,0.5758616737976053,Rachel,Completed,2,Electrical,365
Project_899,513789,0.7567539742088063,Sarah,In Progress,3,Biochemical,242
Project_900,207504,0.8284181041337776,Charlie,In Progress,5,Mechanical,213
Project_901,82130,0.5585659068336263,Bob,In Progress,1,Biochemical,324
Project_902,192351,0.5365848675880416,Sarah,On Hold,3,Infrastructure,173
Project_903,392112,0.7964536545007701,Alice,On Hold,2,Software,242
Project_904,984082,0.6552502896178043,Rachel,On Hold,5,Biochemical,247
Project_905,293810,0.8331254402616262,Charlie,In Progress,2,Mechanical,166
Project_906,330983,0.6642556913469118,Alice,In Progress,3,Biochemical,127
Project_907,172170,0.6139003600252011,Charlie,Completed,2,Electrical,71
Project_908,694598,0.7739186863026795,Bob,Completed,4,Infrastructure,287
Project_909,490756,0.7351329041553363,Sarah,On Hold,1,Biochemical,56
Project_910,555004,0.5636605717286259,Alice,On Hold,2,Mechanical,34
Project_911,356630,0.5213718434319871,Charlie,Completed,4,Software,289
Project_912,416644,0.9303045289567093,Bob,In Progress,2,Mechanical,160
Project_913,423027,0.7451679145875305,David,In Progress,5,Biochemical,210
Project_914,738518,0.8694911870220016,Alice,On Hold,1,Infrastructure,315
Project_915,626327,0.8635469556696287,Charlie,In Progress,4,Infrastructure,326
Project_916,598852,0.8365157890957831,David,Completed,4,Software,305
Project_917,193310,0.8647710897369943,Charlie,In Progress,5,Electrical,169
Project_918,702402,0.7194468079424341,Charlie,In Progress,4,Biochemical,118
Project_919,169706,0.5879350642625631,Sarah,In Progress,5,Electrical,55
Project_920,268317,0.9938362110337147,David,In Progress,4,Mechanical,141
Project_921,700970,0.6595952669832124,Rachel,In Progress,3,Biochemical,274
Project_922,281991,0.5664744847037325,Bob,On Hold,4,Electrical,273
Project_923,197857,0.561765609108056,David,Completed,3,Software,43
Project_924,291117,0.8920026182039326,Alice,In Progress,3,Software,316
Project_925,375502,0.5728959302023636,Bob,In Progress,5,Biochemical,189
Project_926,178196,0.6620018730174059,Alice,On Hold,4,Electrical,332
Project_927,322332,0.8242666921031829,Alice,On Hold,2,Biochemical,321
Project_928,637088,0.5314062710442138,Bob,On Hold,1,Software,157
Project_929,433765,0.5300115556928535,Bob,Completed,1,Infrastructure,279
Project_930,280764,0.5901494839631247,Sarah,In Progress,3,Electrical,313
Project_931,730772,0.8863030234182105,Alice,On Hold,2,Biochemical,337
Project_932,137559,0.7295984417003234,Alice,Completed,4,Biochemical,72
Project_933,644204,0.5367492281561599,Sarah,Completed,4,Software,240
Project_934,361610,0.8103963499086575,Sarah,In Progress,2,Mechanical,121
Project_935,780480,0.9282508861438699,Alice,Completed,5,Electrical,220
Project_936,346201,0.8014808675850896,Bob,In Progress,1,Biochemical,31
Project_937,502347,0.5685095277580259,David,Completed,5,Biochemical,283
Project_938,347029,0.6962158339096526,Rachel,Completed,2,Infrastructure,310
Project_939,87631,0.7963757353657701,Rachel,Completed,5,Mechanical,181
Project_940,946027,0.659645900208762,Charlie,On Hold,4,Infrastructure,248
Project_941,859072,0.8497578895725364,Charlie,In Progress,4,Software,192
Project_942,299189,0.8088722186260398,David,Completed,4,Biochemical,256
Project_943,527059,0.7701485931459665,Alice,In Progress,5,Infrastructure,68
Project_944,667540,0.557131108968563,Bob,Completed,5,Infrastructure,60
Project_945,534930,0.6742749888814501,Bob,On Hold,2,Biochemical,257
Project_946,460907,0.7669554726160153,Charlie,In Progress,5,Mechanical,171
Project_947,399690,0.7896271327334635,Charlie,In Progress,5,Software,292
Project_948,288259,0.5519603977237453,Charlie,Completed,4,Biochemical,335
Project_949,641999,0.5054100001031301,Bob,In Progress,2,Biochemical,112
Project_950,834518,0.5248988087152138,Bob,Completed,5,Software,321
Project_951,883744,0.5050910748305533,Sarah,Completed,5,Electrical,140
Project_952,463727,0.9087048360074164,Alice,Completed,2,Mechanical,160
Project_953,604682,0.813019915192731,Bob,In Progress,4,Mechanical,329
Project_954,237654,0.7389217704513007,David,In Progress,5,Electrical,248
Project_955,951084,0.5877199934977645,Sarah,In Progress,5,Software,95
Project_956,515795,0.7052236543120907,Sarah,On Hold,5,Electrical,283
Project_957,285973,0.7345609831833055,Charlie,Completed,2,Mechanical,329
Project_958,566151,0.5264558701314479,Rachel,In Progress,4,Biochemical,165
Project_959,790995,0.9632304409927072,Rachel,Completed,4,Electrical,365
Project_960,67245,0.857500470575083,David,In Progress,2,Software,338
Project_961,861696,0.7764887943084511,Alice,Completed,1,Electrical,127
Project_962,161485,0.8301033365703954,Sarah,Completed,2,Electrical,146
Project_963,808093,0.8316326391959386,David,In Progress,5,Electrical,260
Project_964,922276,0.88543193578028,Alice,On Hold,4,Infrastructure,284
Project_965,83100,0.8126677254019408,Alice,Completed,5,Infrastructure,346
Project_966,888569,0.8881328120693162,Bob,On Hold,5,Software,155
Project_967,447082,0.5745364372951227,Rachel,On Hold,5,Biochemical,147
Project_968,600921,0.8984943443974513,Rachel,Completed,1,Infrastructure,151
Project_969,713600,0.6116782011255555,David,Completed,5,Software,323
Project_970,843516,0.5862926206203123,David,Completed,4,Software,344
Project_971,434065,0.8711545295811354,David,On Hold,2,Electrical,323
Project_972,814601,0.5153523697372124,Sarah,On Hold,1,Software,139
Project_973,894299,0.5352911065142687,Bob,Completed,2,Software,341
Project_974,341038,0.7416037721008176,Rachel,On Hold,3,Infrastructure,42
Project_975,733398,0.5562969873758465,Charlie,In Progress,4,Software,336
Project_976,169377,0.7225408609968137,Bob,On Hold,4,Biochemical,141
Project_977,281142,0.8698046072293214,David,In Progress,2,Biochemical,234
Project_978,546189,0.844933791510419,David,Completed,5,Biochemical,176
Project_979,922940,0.8525686832115144,David,On Hold,5,Biochemical,311
Project_980,565411,0.8797190542463493,Bob,On Hold,1,Biochemical,44
Project_981,960981,0.6793807450412304,Rachel,In Progress,3,Electrical,118
Project_982,407035,0.8722788659706094,David,On Hold,3,Infrastructure,353
Project_983,609898,0.7384200514677033,Rachel,Completed,3,Biochemical,125
Project_984,519149,0.929834402961734,Rachel,In Progress,3,Software,86
Project_985,425634,0.5319541175189607,Sarah,Completed,2,Software,239
Project_986,691439,0.9481038035831233,Alice,On Hold,4,Infrastructure,260
Project_987,442595,0.9052924819961523,Sarah,In Progress,5,Electrical,209
Project_988,90309,0.5031361302495656,Alice,On Hold,2,Biochemical,249
Project_989,549886,0.7881108284456297,Alice,On Hold,4,Software,213
Project_990,246100,0.9901019268530067,Sarah,In Progress,3,Electrical,184
Project_991,571411,0.7902162696753512,Bob,On Hold,4,Software,161
Project_992,861771,0.7318226911931711,Bob,Completed,2,Software,104
Project_993,341767,0.7701452881934394,Alice,In Progress,3,Mechanical,206
Project_994,990919,0.5121369642205744,Charlie,In Progress,5,Mechanical,299
Project_995,108671,0.9357581280874607,Charlie,In Progress,2,Biochemical,354
Project_996,560865,0.8737393594183682,David,Completed,2,Software,197
Project_997,704867,0.7778779386186291,Alice,In Progress,2,Mechanical,195
Project_998,835684,0.6433031087374601,Sarah,Completed,3,Biochemical,85
Project_999,236056,0.5576852074030776,Sarah,In Progress,1,Infrastructure,146
Project_1000,706607,0.7421172372093416,Alice,On Hold,5,Infrastructure,285
